location,meeting_name,year
Sakhir,Pre-Season Testing,2023
Sakhir,Bahrain Grand Prix,2023
Jeddah,Saudi Arabian Grand Prix,2023
Melbourne,Australian Grand Prix,2023
Baku,Azerbaijan Grand Prix,2023
Miami,Miami Grand Prix,2023
Monaco,Monaco Grand Prix,2023
Barcelona,Spanish Grand Prix,2023
Montréal,Canadian Grand Prix,2023
Spielberg,Austrian Grand Prix,2023
Silverstone,British Grand Prix,2023
Budapest,Hungarian Grand Prix,2023
Spa-Francorchamps,Belgian Grand Prix,2023
Zandvoort,Dutch Grand Prix,2023
Monza,Italian Grand Prix,2023
Marina Bay,Singapore Grand Prix,2023
Suzuka,Japanese Grand Prix,2023
Lusail,Qatar Grand Prix,2023
Austin,United States Grand Prix,2023
Mexico City,Mexico City Grand Prix,2023
São Paulo,São Paulo Grand Prix,2023
Las Vegas,Las Vegas Grand Prix,2023
Yas Island,Abu Dhabi Grand Prix,2023
Sakhir,Bahrain Grand Prix,2024
Jeddah,Saudi Arabian Grand Prix,2024
